{
    "directed": false,
    "graph": {
        "creationdate": "2017-02-02 15:56:17",
        "modifieddate": "2017-02-02 15:56:17",
        "node_counter": 3,
        "node_name_map": {
            "AS15-M-0297_SML.png": 1,
            "AS15-M-0298_SML.png": 2,
            "AS15-M-0299_SML.png": 0
        }
    },
    "links": [
        {
            "fundamental_matrix": {
                "__ndarray__": [
                    [
                        8.107769746302794e-07,
                        -8.049742778906371e-07,
                        -3.803118505073842e-05
                    ],
                    [
                        1.5149089037293495e-06,
                        1.5794428166960298e-06,
                        -0.00239334027215449
                    ],
                    [
                        -0.0010972809592848444,
                        -0.00017002422771317404,
                        0.9999999999999993
                    ]
                ],
                "dtype": "float64",
                "shape": [
                    3,
                    3
                ]
            },
            "homography": {
                "__ndarray__": [
                    [
                        -0.12541267297090286,
                        -0.8508798601468454,
                        845.5137939453124
                    ],
                    [
                        -0.13207902168764712,
                        -0.8961086375058088,
                        890.4573364257811
                    ],
                    [
                        -0.00014832717558125927,
                        -0.0010063465152667633,
                        0.9999999999999999
                    ]
                ],
                "dtype": "float64",
                "shape": [
                    3,
                    3
                ]
            },
            "source": 0,
            "target": 1,
            "weight": {}
        },
        {
            "fundamental_matrix": {
                "__ndarray__": [
                    [
                        -2.0219310956982092e-07,
                        -2.0260839993907357e-05,
                        0.004538682797248499
                    ],
                    [
                        2.0723551186577335e-05,
                        1.3576075535900187e-07,
                        -0.015151848980598515
                    ],
                    [
                        -0.004459362564497381,
                        0.01040045465471634,
                        1.0
                    ]
                ],
                "dtype": "float64",
                "shape": [
                    3,
                    3
                ]
            },
            "homography": {
                "__ndarray__": [
                    [
                        0.9595301981436448,
                        0.03150529447018231,
                        -226.8020672358744
                    ],
                    [
                        -0.026050329071047155,
                        0.9685731504879446,
                        16.72435164174229
                    ],
                    [
                        -4.438006003304366e-05,
                        -1.584505986643848e-06,
                        0.9999999999999999
                    ]
                ],
                "dtype": "float64",
                "shape": [
                    3,
                    3
                ]
            },
            "source": 0,
            "target": 2,
            "weight": {}
        },
        {
            "fundamental_matrix": {
                "__ndarray__": [
                    [
                        -3.35431609488129e-08,
                        5.628774339254319e-06,
                        -0.00412484950037853
                    ],
                    [
                        -5.3165827177342555e-06,
                        3.615296621746261e-08,
                        0.00834748335424601
                    ],
                    [
                        0.0039615777196942425,
                        -0.009754771347814606,
                        1.0
                    ]
                ],
                "dtype": "float64",
                "shape": [
                    3,
                    3
                ]
            },
            "homography": {
                "__ndarray__": [
                    [
                        1.0236509147270996,
                        0.0033282700494552246,
                        217.08427878455632
                    ],
                    [
                        0.017196901872295417,
                        1.015762495860424,
                        -7.325365607296942
                    ],
                    [
                        3.264903363565555e-05,
                        4.046935666805119e-06,
                        1.0
                    ]
                ],
                "dtype": "float64",
                "shape": [
                    3,
                    3
                ]
            },
            "source": 1,
            "target": 2,
            "weight": {}
        }
    ],
    "multigraph": false,
    "nodes": [
        {
            "hash": "7a00f512eb50498b81355bba6628be74",
            "id": 0,
            "image_name": "AS15-M-0299_SML.png",
            "image_path": "/Users/jlaura/github/autocnet/autocnet/examples/Apollo15/AS15-M-0299_SML.png",
            "node_id": 0
        },
        {
            "hash": "a519b57c2aae4e5f87ff0311201a77b3",
            "id": 1,
            "image_name": "AS15-M-0297_SML.png",
            "image_path": "/Users/jlaura/github/autocnet/autocnet/examples/Apollo15/AS15-M-0297_SML.png",
            "node_id": 1
        },
        {
            "hash": "a2e24d0581064bedbcb517ca30697ff3",
            "id": 2,
            "image_name": "AS15-M-0298_SML.png",
            "image_path": "/Users/jlaura/github/autocnet/autocnet/examples/Apollo15/AS15-M-0298_SML.png",
            "node_id": 2
        }
    ]
}